SKU,Description
TEC-PH-10000215,Plantronics Cordless Phone Headset with In-line Volume - M214C
TEC-PH-10000486,Plantronics HL10 Handset Lifter
TEC-PH-10001254,Jabra BIZ 2300 Duo QD Duo Corded Headset
TEC-PH-10001448,Anker Astro 15000mAh USB Portable Charger
TEC-PH-10001552,I Need's 3d Hello Kitty Hybrid Silicone Case Cover for HTC One X 4g with 3d Hello Kitty Stylus Pen Green/pink
TEC-PH-10001949,Cisco SPA 501G IP Phone
TEC-PH-10002033,Konftel 250 Conference phone - Charcoal black
TEC-PH-10002275,Mitel 5320 IP Phone VoIP phone
TEC-PH-10002293,Anker 36W 4-Port USB Wall Charger Travel Power Adapter for iPhone 5s 5c 5
TEC-PH-10002447,AT&T CL83451 4-Handset Telephone
TEC-PH-10002726,netTALK DUO VoIP Telephone Service
TEC-PH-10002844,Speck Products Candyshell Flip Case
TEC-PH-10003273,AT&T TR1909W
TEC-PH-10003875,KLD Oscar II Style Snap-on Ultra Thin Side Flip Synthetic Leather Cover Case for HTC One HTC M7
TEC-PH-10003931,JBL Micro Wireless Portable Bluetooth Speaker
TEC-PH-10003988,"LF Elite 3D Dazzle Designer Hard Case Cover, Lf Stylus Pen and Wiper For Apple Iphone 5c Mini Lite"
TEC-PH-10004093,Panasonic Kx-TS550
TEC-PH-10004536,Avaya 5420 Digital phone
TEC-PH-10004896,Nokia Lumia 521 (T-Mobile)
TEC-PH-10004977,GE 30524EE4